Query	Type Search	Title Result	URL
research site:.af	Webpage	Duran Research & Analysis	https://duran.af/
research site:.af	Webpage	Afghanistan Research and Evaluation ... - Search Publications	https://areu.org.af/publications/
research site:.af	Webpage	SEARCH – Society Educational Awareness, Research ...	http://search.org.af/
research site:.af	Webpage	AMR Group | AMR Home Page	https://www.amr.af/
research site:.af	Webpage	Research Publications	https://areu.org.af/publication/2004/
research site:.af	Webpage	Afghan Institute for Strategic Studies	https://aiss.af/assets/aiss_publication/Political_Settlement_of_the_Afghanistan_Conflict(English).pdf
research site:.af	Webpage	Home Page | AfghanX	https://afghanx.edu.af/
research site:.af	Webpage	Effects of Technology on Health sector | TechAfghanistan	https://tech.af/effects-of-technology-in-health-sector/
research site:.af	Webpage	The Leading Agriculture Company in Afghanistan – boustan.af	https://boustan.af/
research site:.af	Webpage	Cherry Picking And Confirmation Bias	https://www.gains.af/blog/2017/6/7/cherry-picking-and-confirmation-bias